revision,l2_tick_id,l4_tick_id,A_ms,B_ms,C_ms,D_ms,E_ms,total_ms,publication_count_for_revision,l2_reject_reasons,complete_A_to_E,measurement_monotonic_ns,scan_end_monotonic_ns,snapshot_update_monotonic_ns,publication_monotonic_ns,l2_admission_monotonic_ns,l4_accepted_monotonic_ns
1,69,69,37.68571,4.102266,13.980455,1.034655,0.427354,57.23044,4,DUPLICATE|DUPLICATE|DUPLICATE|DUPLICATE|DUPLICATE,True,26590045985044,26590083670754,26590087773020,26590101753475,26590102788130,26590103215484
2,73,73,35.033824,7.9689,20.752848,2.278421,0.60806,66.642053,3,DUPLICATE|DUPLICATE|DUPLICATE|DUPLICATE|DUPLICATE,True,26590118704578,26590153738402,26590161707302,26590182460150,26590184738571,26590185346631
3,76,76,34.431394,8.291125,8.691349,1.902456,0.521632,53.837956,4,DUPLICATE|DUPLICATE|DUPLICATE|DUPLICATE|DUPLICATE|DUPLICATE|DUPLICATE|DUPLICATE|DUPLICATE|DUPLICATE,True,26590188169796,26590222601190,26590230892315,26590239583664,26590241486120,26590242007752
4,80,80,36.720038,8.202291,14.79109,5.342254,1.579343,66.635016,3,DUPLICATE|DUPLICATE,True,26590259321227,26590296041265,26590304243556,26590319034646,26590324376900,26590325956243
5,82,82,31.456293,4.557954,22.266524,1.158451,0.529022,59.968244,4,DUPLICATE|DUPLICATE|DUPLICATE|DUPLICATE|DUPLICATE,True,26590327497558,26590358953851,26590363511805,26590385778329,26590386936780,26590387465802
6,87,87,38.519364,19.026597,41.151324,5.517218,0.602263,104.816766,3,DUPLICATE|DUPLICATE,True,26590397473214,26590435992578,26590455019175,26590496170499,26590501687717,26590502289980
7,89,89,31.315699,7.922067,49.918451,5.580664,0.634466,95.371347,4,DUPLICATE|DUPLICATE|DUPLICATE,True,26590467308277,26590498623976,26590506546043,26590556464494,26590562045158,26590562679624
8,91,91,40.584469,12.05887,10.510008,1.977142,1.383119,66.513608,4,DUPLICATE|DUPLICATE|DUPLICATE|DUPLICATE,True,26590539208444,26590579792913,26590591851783,26590602361791,26590604338933,26590605722052
9,95,95,37.342097,10.413453,51.218459,5.443107,0.489243,104.906359,3,DUPLICATE|DUPLICATE|DUPLICATE|DUPLICATE,True,26590617135010,26590654477107,26590664890560,26590716109019,26590721552126,26590722041369
10,97,97,41.276482,3.581022,25.12493,23.196363,2.763832,95.942629,4,DUPLICATE|DUPLICATE|DUPLICATE|DUPLICATE|DUPLICATE,True,26590695753589,26590737030071,26590740611093,26590765736023,26590788932386,26590791696218
11,101,101,47.263111,8.36231,48.814389,22.71036,1.713825,128.863995,3,DUPLICATE|DUPLICATE,True,26590784293182,26590831556293,26590839918603,26590888732992,26590911443352,26590913157177
12,103,103,52.599894,34.533265,6.131407,4.129285,0.451632,97.845483,3,DUPLICATE|DUPLICATE|DUPLICATE,True,26590884156186,26590936756080,26590971289345,26590977420752,26590981550037,26590982001669
13,105,105,38.735485,4.656787,38.511123,4.496546,1.314008,87.713949,3,DUPLICATE|DUPLICATE|DUPLICATE|DUPLICATE|DUPLICATE,True,26590975491565,26591014227050,26591018883837,26591057394960,26591061891506,26591063205514
14,109,109,50.950272,3.50541,44.967181,26.000046,3.288187,128.711096,3,DUPLICATE|DUPLICATE|DUPLICATE,True,26591065177322,26591116127594,26591119633004,26591164600185,26591190600231,26591193888418
15,112,112,61.096084,2.491607,15.915245,36.651112,1.572805,117.726853,4,DUPLICATE|DUPLICATE|DUPLICATE|DUPLICATE|DUPLICATE|STALE|STALE|STALE,True,26591177223678,26591238319762,26591240811369,26591256726614,26591293377726,26591294950531
16,114,114,46.14728,6.586577,39.104385,5.392422,0.491225,97.721889,4,DUPLICATE|DUPLICATE|DUPLICATE,True,26591284467042,26591330614322,26591337200899,26591376305284,26591381697706,26591382188931
17,118,118,63.388885,11.719683,71.989085,6.492983,0.577578,154.168214,2,DUPLICATE|STALE,True,26591394003206,26591457392091,26591469111774,26591541100859,26591547593842,26591548171420
18,120,120,42.525953,9.900857,104.904303,15.581965,10.922548,183.835626,3,STALE,True,26591499918043,26591542443996,26591552344853,26591657249156,26591672831121,26591683753669
19,121,121,54.304469,10.496434,55.785172,14.32892,2.207681,137.122676,2,DUPLICATE|DUPLICATE|DUPLICATE,True,26591596748464,26591651052933,26591661549367,26591717334539,26591731663459,26591733871140
20,124,124,60.033865,37.476616,55.491522,141.163079,5.649479,299.814561,2,STALE,True,26591711086797,26591771120662,26591808597278,26591864088800,26592005251879,26592010901358
21,126,126,110.645746,10.130006,87.607143,19.718508,1.558936,229.660339,1,DUPLICATE,True,26591881766407,26591992412153,26592002542159,26592090149302,26592109867810,26592111426746
22,127,127,42.896492,13.831102,30.383351,34.382579,9.251408,130.744932,2,DUPLICATE,True,26592035308645,26592078205137,26592092036239,26592122419590,26592156802169,26592166053577
23,128,128,27.553047,27.311333,36.391387,12.735115,1.940345,105.931227,1,DUPLICATE,True,26592105758183,26592133311230,26592160622563,26592197013950,26592209749065,26592211689410
24,130,130,22.534896,24.228444,96.878828,3.079482,0.993265,147.714915,2,DUPLICATE|DUPLICATE|DUPLICATE|DUPLICATE,True,26592155846126,26592178381022,26592202609466,26592299488294,26592302567776,26592303561041
25,132,132,59.815799,8.032826,74.609268,2.080624,1.480805,146.019322,2,DUPLICATE|DUPLICATE|DUPLICATE|STALE|STALE,True,26592238196820,26592298012619,26592306045445,26592380654713,26592382735337,26592384216142
26,134,134,23.98222,32.086195,59.119025,34.868619,0.476003,150.532062,2,DUPLICATE,True,26592321994838,26592345977058,26592378063253,26592437182278,26592472050897,26592472526900
27,136,136,66.727989,26.986163,27.295536,27.016683,4.09708,152.123451,2,DUPLICATE|DUPLICATE,True,26592412705046,26592479433035,26592506419198,26592533714734,26592560731417,26592564828497
28,138,138,45.475498,13.448082,27.346999,14.990035,16.611064,117.871678,3,DUPLICATE|DUPLICATE|DUPLICATE,True,26592524908533,26592570384031,26592583832113,26592611179112,26592626169147,26592642780211
29,141,141,53.839623,43.693599,43.277725,4.879326,1.677844,147.368117,1,DUPLICATE|DUPLICATE,True,26592624223654,26592678063277,26592721756876,26592765034601,26592769913927,26592771591771
30,143,143,37.224143,13.866473,75.013881,55.193891,30.423092,211.72148,3,DUPLICATE|STALE,True,26592715287419,26592752511562,26592766378035,26592841391916,26592896585807,26592927008899
31,146,146,101.399245,28.549155,42.86313,40.223356,12.350926,225.385812,1,DUPLICATE|DUPLICATE|DUPLICATE,True,26592853910807,26592955310052,26592983859207,26593026722337,26593066945693,26593079296619
32,,,29.508466,14.316365,43.430338,,,,1,DUPLICATE|DUPLICATE,False,26592984818518,26593014326984,26593028643349,26593072073687,,
33,147,147,10.346572,38.798384,44.654234,5.851999,0.919042,100.570231,3,DUPLICATE|DUPLICATE,True,26593024673556,26593035020128,26593073818512,26593118472746,26593124324745,26593125243787
34,150,150,54.869852,12.927134,16.342377,46.707284,3.377632,134.224279,4,DUPLICATE|DUPLICATE|DUPLICATE|DUPLICATE|STALE|STALE|STALE,True,26593089889979,26593144759831,26593157686965,26593174029342,26593220736626,26593224114258
35,152,152,53.803383,8.610311,40.622173,5.973406,0.953043,109.962316,3,DUPLICATE|DUPLICATE|DUPLICATE|DUPLICATE,True,26593198563213,26593252366596,26593260976907,26593301599080,26593307572486,26593308525529
36,155,155,53.652807,24.098868,38.035935,16.033505,1.079932,132.901047,3,DUPLICATE|DUPLICATE,True,26593306019403,26593359672210,26593383771078,26593421807013,26593437840518,26593438920450
37,158,158,58.486485,17.103974,56.573455,14.91709,1.2806,148.361604,2,DUPLICATE|DUPLICATE|DUPLICATE,True,26593418158694,26593476645179,26593493749153,26593550322608,26593565239698,26593566520298
38,159,159,36.630519,4.946863,60.607331,7.247507,1.014803,110.447023,3,DUPLICATE|DUPLICATE|DUPLICATE,True,26593513275697,26593549906216,26593554853079,26593615460410,26593622707917,26593623722720
39,162,162,53.800558,11.667682,73.983671,10.351193,7.597268,157.400372,1,STALE,True,26593603706774,26593657507332,26593669175014,26593743158685,26593753509878,26593761107146
40,163,163,44.848634,5.279458,25.922157,30.077997,5.845665,111.973911,3,DUPLICATE|DUPLICATE,True,26593702355965,26593747204599,26593752484057,26593778406214,26593808484211,26593814329876
41,166,166,58.329558,30.943984,39.483962,10.171654,1.104229,140.033387,3,DUPLICATE|DUPLICATE|DUPLICATE|DUPLICATE|STALE,True,26593805534156,26593863863714,26593894807698,26593934291660,26593944463314,26593945567543
42,169,169,67.403252,38.551216,79.185462,15.453094,1.933234,202.526258,1,DUPLICATE|DUPLICATE|STALE|STALE|STALE,True,26593931266965,26593998670217,26594037221433,26594116406895,26594131859989,26594133793223
43,170,170,63.305292,3.450983,42.644389,14.531607,1.033006,124.965277,1,,True,26594061975509,26594125280801,26594128731784,26594171376173,26594185907780,26594186940786
44,171,171,18.5719,10.260877,65.060876,4.297971,1.342082,99.533706,2,DUPLICATE|DUPLICATE,True,26594143852700,26594162424600,26594172685477,26594237746353,26594242044324,26594243386406
45,173,173,38.989616,34.404154,45.888593,4.868418,0.833376,124.984157,3,DUPLICATE|DUPLICATE|DUPLICATE|DUPLICATE|DUPLICATE,True,26594201414216,26594240403832,26594274807986,26594320696579,26594325564997,26594326398373
46,176,176,69.994546,2.578941,95.339486,6.342743,8.711756,182.967472,2,DUPLICATE,True,26594310398377,26594380392923,26594382971864,26594478311350,26594484654093,26594493365849
47,177,177,49.158048,4.36149,88.243424,14.25292,0.481855,156.497737,2,DUPLICATE|DUPLICATE|DUPLICATE|STALE|STALE|STALE|STALE|STALE,True,26594429550971,26594478709019,26594483070509,26594571313933,26594585566853,26594586048708
48,178,178,51.902167,43.195299,16.19121,8.850461,1.851067,121.990204,2,DUPLICATE|DUPLICATE|DUPLICATE,True,26594530611186,26594582513353,26594625708652,26594641899862,26594650750323,26594652601390
49,180,180,32.622189,36.767723,25.076689,47.716752,9.906653,152.090006,2,DUPLICATE,True,26594615135542,26594647757731,26594684525454,26594709602143,26594757318895,26594767225548
50,182,182,62.704205,24.739761,49.620783,17.393476,10.008857,164.467082,2,DUPLICATE,True,26594710461935,26594773166140,26594797905901,26594847526684,26594864920160,26594874929017
51,183,183,38.786828,8.347032,78.681274,37.431745,2.553108,165.799987,4,DUPLICATE|DUPLICATE|STALE|DUPLICATE,True,26594811952968,26594850739796,26594859086828,26594937768102,26594975199847,26594977752955
52,187,187,88.30799,46.032705,66.973703,8.419681,6.991764,216.725843,1,DUPLICATE,True,26594939047785,26595027355775,26595073388480,26595140362183,26595148781864,26595155773628
53,,,45.070681,12.568946,,,,,0,DUPLICATE,False,26595072426456,26595117497137,26595130066083,,,
54,189,189,15.721503,3.763745,66.600145,2.529294,0.555762,89.170449,4,DUPLICATE|DUPLICATE|DUPLICATE,True,26595133218639,26595148940142,26595152703887,26595219304032,26595221833326,26595222389088
55,191,191,45.859316,4.8674,50.379213,5.877425,0.843079,107.826433,4,DUPLICATE|DUPLICATE|DUPLICATE|DUPLICATE|DUPLICATE|DUPLICATE|STALE|STALE|STALE|STALE,True,26595194799457,26595240658773,26595245526173,26595295905386,26595301782811,26595302625890
56,196,196,54.72049,30.073979,81.688607,18.595594,2.883518,187.962188,2,DUPLICATE|DUPLICATE,True,26595295379262,26595350099752,26595380173731,26595461862338,26595480457932,26595483341450
57,199,199,63.554247,11.106623,93.022527,5.672423,0.467022,173.822842,2,DUPLICATE,True,26595413653999,26595477208246,26595488314869,26595581337396,26595587009819,26595587476841
58,201,201,52.504652,49.871284,52.271447,6.856819,0.686189,162.190391,1,DUPLICATE,True,26595529712898,26595582217550,26595632088834,26595684360281,26595691217100,26595691903289
59,202,202,52.514958,0.45978,39.959947,16.429192,3.965135,113.329012,3,DUPLICATE|DUPLICATE,True,26595634732507,26595687247465,26595687707245,26595727667192,26595744096384,26595748061519
60,204,204,47.719503,11.87585,50.495954,13.729306,5.842054,129.662667,1,,True,26595734966967,26595782686470,26595794562320,26595845058274,26595858787580,26595864629634
61,205,205,34.814656,3.666671,38.029064,33.00783,5.312439,114.83066,3,DUPLICATE|DUPLICATE|DUPLICATE|DUPLICATE|DUPLICATE,True,26595817501125,26595852315781,26595855982452,26595894011516,26595927019346,26595932331785
62,208,208,61.433244,9.299778,86.87725,33.112127,5.77485,196.497249,2,DUPLICATE|DUPLICATE,True,26595913749024,26595975182268,26595984482046,26596071359296,26596104471423,26596110246273
64,210,210,4.084331,9.124148,24.116943,36.917261,3.483039,77.725722,3,DUPLICATE|DUPLICATE|DUPLICATE|DUPLICATE|STALE|STALE|STALE,True,26596147984251,26596152068582,26596161192730,26596185309673,26596222226934,26596225709973
65,212,212,68.589833,18.695947,13.626453,7.403007,3.674486,111.989726,1,,True,26596220658415,26596289248248,26596307944195,26596321570648,26596328973655,26596332648141
66,213,213,20.23629,3.466095,39.023051,9.727208,4.032931,76.485575,5,DUPLICATE|DUPLICATE|DUPLICATE|DUPLICATE,True,26596309484537,26596329720827,26596333186922,26596372209973,26596381937181,26596385970112
67,217,217,56.743965,40.169799,93.858533,6.118241,2.044753,198.935291,2,DUPLICATE,True,26596386464791,26596443208756,26596483378555,26596577237088,26596583355329,26596585400082
68,219,219,63.915083,6.637651,49.238929,83.709415,4.548157,208.049235,2,DUPLICATE|DUPLICATE,True,26596507123838,26596571038921,26596577676572,26596626915501,26596710624916,26596715173073
69,220,220,71.135154,1.217914,28.512173,33.357629,6.273223,140.496093,3,DUPLICATE|DUPLICATE,True,26596642174075,26596713309229,26596714527143,26596743039316,26596776396945,26596782670168
70,223,223,51.116431,3.102593,61.242575,8.693442,37.842174,161.997215,1,DUPLICATE|DUPLICATE|DUPLICATE,True,26596764425659,26596815542090,26596818644683,26596879887258,26596888580700,26596926422874
71,224,224,32.662402,17.324105,80.555674,9.519909,2.667943,142.730033,1,DUPLICATE,True,26596848204492,26596880866894,26596898190999,26596978746673,26596988266582,26596990934525
72,226,226,49.089659,2.166198,78.734274,45.044996,0.887375,175.922502,2,DUPLICATE|DUPLICATE|DUPLICATE,True,26596929956553,26596979046212,26596981212410,26597059946684,26597104991680,26597105879055
73,228,228,60.989102,36.251201,78.177401,29.866348,0.82806,206.112112,1,,True,26597040035313,26597101024415,26597137275616,26597215453017,26597245319365,26597246147425
74,,,41.445844,15.620576,50.384695,,,,1,DUPLICATE|STALE|STALE,False,26597142470259,26597183916103,26597199536679,26597249921374,,
75,229,229,33.520759,4.142988,43.389226,5.164198,1.46688,87.684051,2,DUPLICATE|DUPLICATE|DUPLICATE,True,26597217436862,26597250957621,26597255100609,26597298489835,26597303654033,26597305120913
76,233,233,54.436794,12.369334,53.971753,46.364041,3.61767,170.759592,3,DUPLICATE|DUPLICATE,True,26597305394414,26597359831208,26597372200542,26597426172295,26597472536336,26597476154006
77,236,236,56.42412,59.598547,19.259839,40.623358,2.024919,177.930783,2,DUPLICATE,True,26597416255328,26597472679448,26597532277995,26597551537834,26597592161192,26597594186111
78,238,238,38.968339,55.243761,50.44188,49.835154,2.491904,196.981038,1,,True,26597511647786,26597550616125,26597605859886,26597656301766,26597706136920,26597708628824
79,239,239,49.818914,1.129081,50.022673,45.929946,4.885826,151.78644,3,DUPLICATE,True,26597600435038,26597650253952,26597651383033,26597701405706,26597747335652,26597752221478
80,241,241,58.510661,20.508976,23.478976,48.693907,15.248092,166.440612,2,DUPLICATE,True,26597708764612,26597767275273,26597787784249,26597811263225,26597859957132,26597875205224
81,243,243,51.822361,3.448503,105.756919,6.493206,7.121377,174.642366,2,,True,26597819097633,26597870919994,26597874368497,26597980125416,26597986618622,26597993739999
82,244,244,58.019778,5.198125,42.561758,13.991918,3.450132,123.221711,2,DUPLICATE|DUPLICATE,True,26597928939772,26597986959550,26597992157675,26598034719433,26598048711351,26598052161483
83,247,247,43.992879,12.61141,106.650258,50.231397,1.351508,214.837452,2,DUPLICATE|DUPLICATE,True,26598030952428,26598074945307,26598087556717,26598194206975,26598244438372,26598245789880
84,,,82.897762,26.727625,69.784035,,,,1,,False,26598157843069,26598240740831,26598267468456,26598337252491,,
85,250,250,22.636045,33.619574,80.949732,2.84311,3.596911,143.645372,2,DUPLICATE,True,26598263376876,26598286012921,26598319632495,26598400582227,26598403425337,26598407022248
86,252,252,54.007513,3.954635,58.27602,36.674112,7.926881,160.839161,1,,True,26598340020434,26598394027947,26598397982582,26598456258602,26598492932714,26598500859595
87,253,253,45.281719,2.796869,11.134253,42.274738,3.439243,104.926822,3,DUPLICATE|DUPLICATE,True,26598439309666,26598484591385,26598487388254,26598498522507,26598540797245,26598544236488
88,256,256,50.166601,10.890788,81.563588,7.667694,1.382083,151.670754,1,DUPLICATE,True,26598534757986,26598584924587,26598595815375,26598677378963,26598685046657,26598686428740
89,258,258,48.157561,5.768332,53.331175,41.921847,0.676856,149.855771,2,DUPLICATE,True,26598633082147,26598681239708,26598687008040,26598740339215,26598782261062,26598782937918
90,260,260,47.005137,11.754498,82.802002,14.780831,8.017696,164.360164,3,DUPLICATE,True,26598728244845,26598775249982,26598787004480,26598869806482,26598884587313,26598892605009
91,,,61.137733,27.735131,24.092202,,,,1,,False,26598836387714,26598897525447,26598925260578,26598949352780,,
92,262,262,18.709753,14.968813,131.622965,8.595793,1.323749,175.221073,2,DUPLICATE,True,26598916235199,26598934944952,26598949913765,26599081536730,26599090132523,26599091456272
93,264,264,72.679098,8.504959,83.267265,30.013701,9.321816,203.786839,2,,True,26599007624050,26599080303148,26599088808107,26599172075372,26599202089073,26599211410889
94,265,265,68.373452,2.242773,51.617832,42.824112,8.066215,173.124384,1,,True,26599148676600,26599217050052,26599219292825,26599270910657,26599313734769,26599321800984
95,,,43.659599,3.112186,157.844161,,,,2,,False,26599260709650,26599304369249,26599307481435,26599465325596,,
96,,,23.238382,115.745387,15.52502,,,,1,,False,26599327607631,26599350846013,26599466591400,26599482116420,,
97,,,65.840668,2.891091,39.004718,,,,2,,False,26599416686681,26599482527349,26599485418440,26599524423158,,
98,,,24.492399,2.667238,86.117949,,,,5,,False,26599507019747,26599531512146,26599534179384,26599620297333,,
99,,,50.183971,7.370064,,,,,0,,False,26599581696117,26599631880088,26599639250152,,,
100,,,50.391371,8.310569,,,,,0,,False,26599682271459,26599732662830,26599740973399,,,
101,,,48.889852,3.615744,,,,,0,,False,26599781552682,26599830442534,26599834058278,,,
102,,,50.227342,1.272637,,,,,0,,False,26599880669876,26599930897218,26599932169855,,,
103,,,49.008631,4.894067,,,,,0,,False,26599979905848,26600028914479,26600033808546,,,
